marque,pays,valeur
citroen,espagne,http://www.citroen.es
citroen,espagne,http://www.promociones.citroen.es/
citroen,espagne,http://www.c4.citroen.com/es_ES
citroen,espagne,http://www.citroenselect.citroen.es/
citroen,espagne,http://www.carstore.citroen.es
citroen,espagne,http://mobilecitroen.com
citroen,espagne,http://www.promocioncitroen.com
citroen,espagne,http://canalwap.com/promocitroen/aceite2013feb/participa.jsp
citroen,espagne,http://redoficial.citroen.es
citroen,espagne,http://accessories.citroen.com
citroen,portugal,http://www.citroen.pt
citroen,portugal,http://www.carstore.citroen.pt/entrada
citroen,portugal,http://linhads.citroen.pt/
citroen,portugal,http://qualatuacausa.net/home
citroen,france,http://www.multicity.citroen.fr/
citroen,france,http://www.carstore.citroen.fr/
citroen,france,http://www.citroen.fr/apres-vente-services.html
citroen,france,http://www.citroenselect.fr/
citroen,france,http://www.collcit.com/Collcit/HomePage.aspx
citroen,france,http://www.citroencarstorepro.fr/
citroen,france,http://www.reseau.citroen.fr/
citroen,pays-bas,http://www.citroen.nl
citroen,pays-bas,http://www.ds4.citroen.nl/
citroen,pays-bas,http://www.citroenactie.nl/
citroen,pays-bas,http://www.carstore.citroen.nl/Accueil?etd=0
citroen,pays-bas,http://www.citroenoperationallease.nl
citroen,pays-bas,http://www.ds3cabrio.nl/
citroen,belgique,http://www.citroen.be
citroen,belgique,http://ds3.citroen.be
citroen,belgique,http://promotions.citroen.be
citroen,belgique,http://promoties.citroen.be 
citroen,belgique,http://promotions.citroen.lu
citroen,belgique,http://[ds5.citroen]
citroen,belgique,http://ds.citroen.be/fr/ 
citroen,belgique,http://ds.citroen.be/nl/ 
citroen,belgique,http://ds.citroen.lu 
citroen,belgique,http://www.carstore.citroen.be
citroen,belgique,http://www.citroen.lu
peugeot,espagne,peugeot.es
peugeot,espagne,http://odl.peugeot.es/
peugeot,espagne,http://mobile.peugeot.es/
peugeot,espagne,http://www.webstore.peugeot.es/
peugeot,espagne,http://www.peugeot.es/posventa/
peugeot,france,http://www.peugeotwebstore.com/pro/Accueil
peugeot,france,http://services.peugeot.fr/service-apres-vente-peugeot/
peugeot,france,http://www.peugeotwebstore.com/
peugeot,france,peugeot.fr
peugeot,france,http://www.clicpeugeot.com/
peugeot,france,http://www.roadtorolandgarros.com/#/fr
peugeot,france,http://www.occasionsdulion.fr
peugeot,france,http://www.mu.peugeot.fr
peugeot,portugal,http://www.peugeot.pt/
peugeot,portugal,http://www.oficinasonline.peugeot.pt/
peugeot,portugal,http://www.ocasioesdoleao.peugeot.pt/ 
peugeot,portugal,http://www.newsletter.peugeot.pt/
peugeot,portugal,https://www.cartaocliente.peugeot.pt/
peugeot,portugal,http://www.pedidosensaio.peugeot.pt/
peugeot,portugal,http://www.minisites.peugeot.pt
peugeot,portugal,http://www.peugeotusados.pt/contactar-pdv/
peugeot,portugal,http://www.professional.peugeot.pt/gama-veiculos-comerciais/
peugeot,portugal,http://www.webstore.peugeot.pt/
peugeot,portugal,https://meupeugeot.peugeot.com/mypeugeot
peugeot,portugal,http://www.flashsales.peugeot.pt/
peugeot,pays-bas,http://www.peugeot.nl
peugeot,belgique,http://fr.peugeot.be/
peugeot,belgique,http://demande.peugeot.be
